{"train_acc": [0.49779541446208114, 0.677689594356261, 0.6809964726631393, 0.7195767195767195, 0.7294973544973545, 0.7200176366843033, 0.7458112874779541, 0.7290564373897708, 0.7389770723104057, 0.7453703703703703, 0.7453703703703703, 0.7546296296296297, 0.7638888888888888, 0.7477954144620811, 0.7484567901234568, 0.7680776014109347, 0.7874779541446209, 0.7976190476190477], "val_acc": [0.5, 0.5694444444444444, 0.5486111111111112, 0.5833333333333334, 0.6076388888888888, 0.6145833333333334, 0.6215277777777778, 0.6284722222222222, 0.6111111111111112, 0.6215277777777778, 0.6631944444444444, 0.6423611111111112, 0.6701388888888888, 0.6076388888888888, 0.6215277777777778, 0.6423611111111112, 0.6284722222222222, 0.625], "val_same_acc": [0.5173611111111112, 0.5694444444444444, 0.5833333333333334, 0.5902777777777778, 0.5659722222222222, 0.5902777777777778, 0.6076388888888888, 0.6076388888888888, 0.6180555555555556, 0.6388888888888888, 0.5833333333333334, 0.6284722222222222, 0.5798611111111112, 0.5833333333333334, 0.6076388888888888, 0.6527777777777778, 0.5833333333333334, 0.6423611111111112], "val_tre": [0.0, 0.0, 0.0, 0.0, 0.0, 0.0, 0.0, 0.0, 0.0, 0.0, 0.0, 0.0, 0.0, 0.0, 0.0, 0.0, 0.0, 0.0], "val_tre_std": [0.0, 0.0, 0.0, 0.0, 0.0, 0.0, 0.0, 0.0, 0.0, 0.0, 0.0, 0.0, 0.0, 0.0, 0.0, 0.0, 0.0, 0.0], "test_acc": [0.5009578544061303, 0.539272030651341, 0.5766283524904214, 0.5871647509578544, 0.5919540229885057, 0.6087164750957854, 0.625, 0.6240421455938697, 0.6264367816091954, 0.625, 0.6221264367816092, 0.6398467432950191, 0.6384099616858238, 0.6451149425287356, 0.657088122605364, 0.6360153256704981, 0.6336206896551724, 0.6307471264367817], "test_same_acc": [0.5081417624521073, 0.5598659003831418, 0.5775862068965517, 0.5981800766283525, 0.6096743295019157, 0.6120689655172413, 0.6518199233716475, 0.6403256704980843, 0.6345785440613027, 0.6479885057471264, 0.6652298850574713, 0.6575670498084292, 0.6513409961685823, 0.6508620689655172, 0.6379310344827587, 0.6513409961685823, 0.6451149425287356, 0.646551724137931], "test_acc_ci": [0.01516449141257101, 0.015090411374081084, 0.014983704766614054, 0.014902361518688761, 0.014853659597639717, 0.014790880577788285, 0.014572493911859892, 0.014625573599169328, 0.014639415220940935, 0.014589107031212094, 0.014525511487430405, 0.01447887756892579, 0.01451456713836848, 0.01448564707260266, 0.014490140115704124, 0.014525511487430405, 0.014564093318324029, 0.01457039964817709], "best_epoch": 151, "best_val_acc": 0.6423611111111112, "best_val_same_acc": 0.6527777777777778, "best_val_tre": 0.0, "best_val_tre_std": 0.0, "best_test_acc": 0.6360153256704981, "best_test_same_acc": 0.6513409961685823, "best_test_acc_ci": 0.014525511487430405, "lowest_val_tre": 0.0, "lowest_val_tre_std": 0.0, "has_same": true}