{"train_acc": [0.5088183421516755, 0.5063932980599647, 0.49779541446208114, 0.5033068783068783, 0.4984567901234568, 0.5030864197530864, 0.48324514991181655, 0.48412698412698413, 0.4997795414462081, 0.49404761904761907, 0.5004409171075838, 0.5017636684303352, 0.4991181657848324, 0.49889770723104054, 0.49867724867724866, 0.49955908289241624, 0.5066137566137566, 0.5055114638447972, 0.5125661375661376, 0.5022045855379189, 0.5063932980599647, 0.5088183421516755, 0.49074074074074076, 0.49074074074074076, 0.49867724867724866, 0.5114638447971781, 0.5057319223985891, 0.5163139329805997, 0.4966931216931217, 0.49933862433862436, 0.5068342151675485, 0.5033068783068783, 0.5057319223985891, 0.5123456790123457, 0.5008818342151675, 0.5002204585537919, 0.5132275132275133, 0.4997795414462081, 0.5123456790123457, 0.5015432098765432, 0.5059523809523809, 0.5476190476190477, 0.5063932980599647, 0.5764991181657848, 0.7244268077601411, 0.8269400352733686, 0.8518518518518519, 0.9115961199294532, 0.9345238095238095, 0.9455467372134039, 0.9431216931216931], "val_acc": [0.4861111111111111, 0.4930555555555556, 0.4895833333333333, 0.5034722222222222, 0.5, 0.5, 0.5, 0.5, 0.5, 0.5, 0.5, 0.5, 0.5, 0.5, 0.5, 0.5, 0.5, 0.5, 0.5, 0.5, 0.5, 0.5, 0.5, 0.5, 0.5, 0.5, 0.5, 0.5, 0.5, 0.5, 0.5, 0.5, 0.5, 0.5, 0.5, 0.5, 0.5, 0.5, 0.5, 0.5, 0.5, 0.4930555555555556, 0.5, 0.4965277777777778, 0.5486111111111112, 0.5173611111111112, 0.5138888888888888, 0.5381944444444444, 0.5138888888888888, 0.5034722222222222, 0.5034722222222222], "val_same_acc": [0.5243055555555556, 0.4930555555555556, 0.4756944444444444, 0.4791666666666667, 0.4826388888888889, 0.4756944444444444, 0.4826388888888889, 0.5173611111111112, 0.5173611111111112, 0.4826388888888889, 0.5173611111111112, 0.4826388888888889, 0.5173611111111112, 0.5173611111111112, 0.4826388888888889, 0.5173611111111112, 0.4826388888888889, 0.4826388888888889, 0.5173611111111112, 0.4826388888888889, 0.5173611111111112, 0.5173611111111112, 0.5173611111111112, 0.4826388888888889, 0.4826388888888889, 0.4826388888888889, 0.5173611111111112, 0.4826388888888889, 0.4826388888888889, 0.4826388888888889, 0.5173611111111112, 0.4826388888888889, 0.5173611111111112, 0.5173611111111112, 0.5173611111111112, 0.4826388888888889, 0.5173611111111112, 0.5173611111111112, 0.4826388888888889, 0.4826388888888889, 0.5173611111111112, 0.5277777777777778, 0.4826388888888889, 0.5069444444444444, 0.5104166666666666, 0.4548611111111111, 0.4652777777777778, 0.4756944444444444, 0.4791666666666667, 0.4826388888888889, 0.4791666666666667], "val_tre": [0.0, 0.0, 0.0, 0.0, 0.0, 0.0, 0.0, 0.0, 0.0, 0.0, 0.0, 0.0, 0.0, 0.0, 0.0, 0.0, 0.0, 0.0, 0.0, 0.0, 0.0, 0.0, 0.0, 0.0, 0.0, 0.0, 0.0, 0.0, 0.0, 0.0, 0.0, 0.0, 0.0, 0.0, 0.0, 0.0, 0.0, 0.0, 0.0, 0.0, 0.0, 0.0, 0.0, 0.0, 0.0, 0.0, 0.0, 0.0, 0.0, 0.0, 0.0], "val_tre_std": [0.0, 0.0, 0.0, 0.0, 0.0, 0.0, 0.0, 0.0, 0.0, 0.0, 0.0, 0.0, 0.0, 0.0, 0.0, 0.0, 0.0, 0.0, 0.0, 0.0, 0.0, 0.0, 0.0, 0.0, 0.0, 0.0, 0.0, 0.0, 0.0, 0.0, 0.0, 0.0, 0.0, 0.0, 0.0, 0.0, 0.0, 0.0, 0.0, 0.0, 0.0, 0.0, 0.0, 0.0, 0.0, 0.0, 0.0, 0.0, 0.0, 0.0, 0.0], "test_acc": [0.49377394636015326, 0.5047892720306514, 0.5, 0.5033524904214559, 0.5004789272030651, 0.5019157088122606, 0.5004789272030651, 0.49952107279693486, 0.49952107279693486, 0.5004789272030651, 0.49952107279693486, 0.5004789272030651, 0.49952107279693486, 0.49952107279693486, 0.5004789272030651, 0.49952107279693486, 0.5004789272030651, 0.5004789272030651, 0.49952107279693486, 0.5004789272030651, 0.49952107279693486, 0.49952107279693486, 0.49952107279693486, 0.5004789272030651, 0.5004789272030651, 0.5004789272030651, 0.49952107279693486, 0.5004789272030651, 0.5004789272030651, 0.5004789272030651, 0.49952107279693486, 0.5004789272030651, 0.49952107279693486, 0.49952107279693486, 0.49952107279693486, 0.5004789272030651, 0.49952107279693486, 0.49952107279693486, 0.5004789272030651, 0.5004789272030651, 0.49952107279693486, 0.5234674329501916, 0.5004789272030651, 0.5234674329501916, 0.5349616858237548, 0.5201149425287356, 0.5239463601532567, 0.521551724137931, 0.5095785440613027, 0.5067049808429118, 0.5028735632183908], "test_same_acc": [0.49616858237547895, 0.49952107279693486, 0.48802681992337166, 0.4899425287356322, 0.4904214559386973, 0.48802681992337166, 0.4904214559386973, 0.5095785440613027, 0.5095785440613027, 0.4904214559386973, 0.5095785440613027, 0.4904214559386973, 0.5095785440613027, 0.5095785440613027, 0.4904214559386973, 0.5095785440613027, 0.4904214559386973, 0.4904214559386973, 0.5095785440613027, 0.4904214559386973, 0.5095785440613027, 0.5095785440613027, 0.5095785440613027, 0.4904214559386973, 0.4904214559386973, 0.4904214559386973, 0.5095785440613027, 0.4904214559386973, 0.4904214559386973, 0.4904214559386973, 0.5095785440613027, 0.4904214559386973, 0.5095785440613027, 0.5095785440613027, 0.5095785440613027, 0.4904214559386973, 0.5095785440613027, 0.5095785440613027, 0.4904214559386973, 0.4904214559386973, 0.5095785440613027, 0.5225095785440613, 0.4904214559386973, 0.5340038314176245, 0.5459770114942529, 0.5316091954022989, 0.521551724137931, 0.5028735632183908, 0.49377394636015326, 0.4899425287356322, 0.49233716475095785], "test_acc_ci": [0.015164352268467502, 0.015164978406879314, 0.015164032232184058, 0.015164778393252382, 0.015164491412571009, 0.0151643522684675, 0.015164491412571009, 0.015164491412571009, 0.015164491412571009, 0.015164491412571009, 0.015164491412571009, 0.015164491412571009, 0.015164491412571009, 0.015164491412571009, 0.015164491412571009, 0.015164491412571009, 0.015164491412571009, 0.015164491412571009, 0.015164491412571009, 0.015164491412571009, 0.015164491412571009, 0.015164491412571009, 0.015164491412571009, 0.015164491412571009, 0.015164491412571009, 0.015164491412571009, 0.015164491412571009, 0.015164491412571009, 0.015164491412571009, 0.015164491412571009, 0.015164491412571009, 0.015164491412571009, 0.015164491412571009, 0.015164491412571009, 0.015164491412571009, 0.015164491412571009, 0.015164491412571009, 0.015164491412571009, 0.015164491412571009, 0.015164491412571009, 0.015164491412571009, 0.015149082141271893, 0.015164491412571009, 0.015140053783070298, 0.015115363762905, 0.015144819420587633, 0.015149414680555843, 0.015160594894941721, 0.015165034062375916, 0.015165034062375916, 0.015164945361331568], "best_epoch": 441, "best_val_acc": 0.5486111111111112, "best_val_same_acc": 0.5104166666666666, "best_val_tre": 0.0, "best_val_tre_std": 0.0, "best_test_acc": 0.5349616858237548, "best_test_same_acc": 0.5459770114942529, "best_test_acc_ci": 0.015115363762905, "lowest_val_tre": 0.0, "lowest_val_tre_std": 0.0, "has_same": true}